<?xml version="1.0" encoding="UTF-8"?>
<configuration>

	<appender name="CONSOLE"
		class="ch.qos.logback.core.ConsoleAppender">
		<encoder>
			<pattern>%d{HH:mm:ss.SSS} [%thread] %-5level %logger{36} - %msg%n
			</pattern>
		</encoder>
	</appender>
	<root level="INFO">
		<appender-ref ref="CONSOLE" />
	</root>
	<logger name="org.hibernate" level="WARN" />
	<logger name="org.hibernate.SQL" level="INFO" />
	<logger name="org.hibernate.orm.connections.pooling"
		level="ERROR" />
</configuration>