<?xml version="1.0" encoding="UTF-8"?>
<!DOCTYPE hibernate-configuration PUBLIC
        "-//Hibernate/Hibernate Configuration DTD 3.0//EN"
        "http://www.hibernate.org/dtd/hibernate-configuration-3.0.dtd">
<hibernate-configuration>
	<session-factory>
		<!-- Database connection settings -->
		<property name="connection.driver_class">com.mysql.jdbc.Driver</property>
		<property name="connection.url">jdbc:mysql://localhost:33306/tienda</property>
		<property name="connection.username">root</property>
		<property name="connection.password"> </property>
		<property name="show_sql">true</property>
		<property name="current_session_context_class">thread</property>

		<mapping class="modelo.Fabricante" />
		<mapping class="modelo.Productos" />
		<mapping class="modelo.Compra" />
		
	</session-factory>
</hibernate-configuration>